<?xml version="1.0" encoding="UTF-8"?>
<!DOCTYPE suite SYSTEM "http://testng.org/testng-1.0.dtd">
<suite name="All Test Suite">
    <test verbose="2" preserve-order="true" name="/Users/tuannguyen/IdeaProjects/DemoOpencart/src/test/java/testcases/TC_LoginPage.java">
        <parameter name="browserName" value="chrome" />
        <parameter name="appURL" value="https://demo.opencart.com/admin"/>
        <classes>

            <class name="testcases.TC_LoginPage">
                <methods>
                    <include name="toLogin"/>
                </methods>
            </class>
        </classes>
    </test>
</suite>